faithfulness,answer_relevancy,context_precision,context_recall
74.96536796536797,86.85270267143356,83.99999999460694,86.66666666666666
